{
  "version": "0.1",
  "generator": "hexo",
  "siteName": "hughesnetinternet.net",
  "defaultsCacheControl": 3600,
  "currentBranch": "SET_AT_BUILD_TIME",
  "authenticatedBranches": ["staging"],
  "defaultMarketingProgramId": "YOUR_MPID_HERE",
  "aws": {
    "bucketName": "SITE_BUCKETNAME_HERE",
    "productionBranch": "master",
    "siteName": "hughesnetinternet.net",
    "snsErrorTopic": "[for notifications of build errors]",
    "snsSuccessTopic": "[for success notifications]",
    "cdn": "cloudfront"
  },
  "enrolledBranches": [
    "master",
    "development",
    "staging",
    "uat"
  ],
  "permalease": "1-877-879-6866",
  "geonator": [],
  "api:fetch": [],
    "origins":[
        {
            "name": "rvservices",
            "host": "cloudservices.redventures.com",
            "port": 443,
            "protocol": "https",
            "path": "",
            "sslProtocols": ["TLSv1", "TLSv1.1"],
            "readTimeout": 5,
            "keepaliveTimeout": 5,
            "customHeaders": {}
        }
    ],
    "rules": [
        {
            "origin": "rvservices",
            "matchPath": "^/api/(.*)",
            "type": "proxy",
            "find": "/api",
            "replace": "/stratus"
        }
    ],
    "customResponseHeadersByType": {
        "text/css": [
            {
                "cache-control": "max-age=3600"
            }
        ],
        "text/html": [
            {
                "cache-control": "max-age=86400"
            }
        ],
        "text/javascript": [
            {
                "cache-control": "max-age=3600"
            }
        ],
        "image/png": [
            {
                "cache-control": "max-age=3600"
            }
        ],
        "image/svg+xml": [
            {
                "cache-control": "max-age=3600"
            }
        ],
        "image/jpeg": [
            {
                "cache-control": "max-age=3600"
            }
        ],
        "application/javascript": [
            {
                "cache-control": "max-age=3600"
            }
        ]
    }
}
